element_id,line_load,load_case,load_direction,load_group,group_name,eccentricity
1,0.082,WL_Ang30_Q1,LY,WL_Ang30_Q1,Deck Elements,6.0
1,0.024,WL_Ang30_Q1,LX,WL_Ang30_Q1,Deck Elements,6.0
2,0.082,WL_Ang30_Q1,LY,WL_Ang30_Q1,Deck Elements,6.0
2,0.024,WL_Ang30_Q1,LX,WL_Ang30_Q1,Deck Elements,6.0
3,0.082,WL_Ang30_Q1,LY,WL_Ang30_Q1,Deck Elements,6.0
3,0.024,WL_Ang30_Q1,LX,WL_Ang30_Q1,Deck Elements,6.0
4,0.082,WL_Ang30_Q1,LY,WL_Ang30_Q1,Deck Elements,6.0
4,0.024,WL_Ang30_Q1,LX,WL_Ang30_Q1,Deck Elements,6.0
5,0.082,WL_Ang30_Q1,LY,WL_Ang30_Q1,Deck Elements,6.0
5,0.024,WL_Ang30_Q1,LX,WL_Ang30_Q1,Deck Elements,6.0
6,0.082,WL_Ang30_Q1,LY,WL_Ang30_Q1,Deck Elements,6.0
6,0.024,WL_Ang30_Q1,LX,WL_Ang30_Q1,Deck Elements,6.0
7,0.082,WL_Ang30_Q1,LY,WL_Ang30_Q1,Deck Elements,6.0
7,0.024,WL_Ang30_Q1,LX,WL_Ang30_Q1,Deck Elements,6.0
8,0.082,WL_Ang30_Q1,LY,WL_Ang30_Q1,Deck Elements,6.0
8,0.024,WL_Ang30_Q1,LX,WL_Ang30_Q1,Deck Elements,6.0
9,0.082,WL_Ang30_Q1,LY,WL_Ang30_Q1,Deck Elements,6.0
9,0.024,WL_Ang30_Q1,LX,WL_Ang30_Q1,Deck Elements,6.0
10,0.082,WL_Ang30_Q1,LY,WL_Ang30_Q1,Deck Elements,6.0
10,0.024,WL_Ang30_Q1,LX,WL_Ang30_Q1,Deck Elements,6.0
11,0.082,WL_Ang30_Q1,LY,WL_Ang30_Q1,Deck Elements,6.0
11,0.024,WL_Ang30_Q1,LX,WL_Ang30_Q1,Deck Elements,6.0
12,0.082,WL_Ang30_Q1,LY,WL_Ang30_Q1,Deck Elements,6.0
12,0.024,WL_Ang30_Q1,LX,WL_Ang30_Q1,Deck Elements,6.0
13,0.082,WL_Ang30_Q1,LY,WL_Ang30_Q1,Deck Elements,6.0
13,0.024,WL_Ang30_Q1,LX,WL_Ang30_Q1,Deck Elements,6.0
14,0.082,WL_Ang30_Q1,LY,WL_Ang30_Q1,Deck Elements,6.0
14,0.024,WL_Ang30_Q1,LX,WL_Ang30_Q1,Deck Elements,6.0
15,0.082,WL_Ang30_Q1,LY,WL_Ang30_Q1,Deck Elements,6.0
15,0.024,WL_Ang30_Q1,LX,WL_Ang30_Q1,Deck Elements,6.0
16,0.082,WL_Ang30_Q1,LY,WL_Ang30_Q1,Deck Elements,6.0
16,0.024,WL_Ang30_Q1,LX,WL_Ang30_Q1,Deck Elements,6.0
17,0.082,WL_Ang30_Q1,LY,WL_Ang30_Q1,Deck Elements,6.0
17,0.024,WL_Ang30_Q1,LX,WL_Ang30_Q1,Deck Elements,6.0
18,0.082,WL_Ang30_Q1,LY,WL_Ang30_Q1,Deck Elements,6.0
18,0.024,WL_Ang30_Q1,LX,WL_Ang30_Q1,Deck Elements,6.0
19,0.082,WL_Ang30_Q1,LY,WL_Ang30_Q1,Deck Elements,6.0
19,0.024,WL_Ang30_Q1,LX,WL_Ang30_Q1,Deck Elements,6.0
20,0.082,WL_Ang30_Q1,LY,WL_Ang30_Q1,Deck Elements,6.0
20,0.024,WL_Ang30_Q1,LX,WL_Ang30_Q1,Deck Elements,6.0
21,0.082,WL_Ang30_Q1,LY,WL_Ang30_Q1,Deck Elements,6.0
21,0.024,WL_Ang30_Q1,LX,WL_Ang30_Q1,Deck Elements,6.0
22,0.082,WL_Ang30_Q1,LY,WL_Ang30_Q1,Deck Elements,6.0
22,0.024,WL_Ang30_Q1,LX,WL_Ang30_Q1,Deck Elements,6.0
23,0.082,WL_Ang30_Q1,LY,WL_Ang30_Q1,Deck Elements,6.0
23,0.024,WL_Ang30_Q1,LX,WL_Ang30_Q1,Deck Elements,6.0
24,0.082,WL_Ang30_Q1,LY,WL_Ang30_Q1,Deck Elements,6.0
24,0.024,WL_Ang30_Q1,LX,WL_Ang30_Q1,Deck Elements,6.0
25,0.082,WL_Ang30_Q1,LY,WL_Ang30_Q1,Deck Elements,6.0
25,0.024,WL_Ang30_Q1,LX,WL_Ang30_Q1,Deck Elements,6.0
26,0.082,WL_Ang30_Q1,LY,WL_Ang30_Q1,Deck Elements,6.0
26,0.024,WL_Ang30_Q1,LX,WL_Ang30_Q1,Deck Elements,6.0
27,0.082,WL_Ang30_Q1,LY,WL_Ang30_Q1,Deck Elements,6.0
27,0.024,WL_Ang30_Q1,LX,WL_Ang30_Q1,Deck Elements,6.0
28,0.082,WL_Ang30_Q1,LY,WL_Ang30_Q1,Deck Elements,6.0
28,0.024,WL_Ang30_Q1,LX,WL_Ang30_Q1,Deck Elements,6.0
29,0.082,WL_Ang30_Q1,LY,WL_Ang30_Q1,Deck Elements,6.0
29,0.024,WL_Ang30_Q1,LX,WL_Ang30_Q1,Deck Elements,6.0
30,0.082,WL_Ang30_Q1,LY,WL_Ang30_Q1,Deck Elements,6.0
30,0.024,WL_Ang30_Q1,LX,WL_Ang30_Q1,Deck Elements,6.0
31,0.082,WL_Ang30_Q1,LY,WL_Ang30_Q1,Deck Elements,6.0
31,0.024,WL_Ang30_Q1,LX,WL_Ang30_Q1,Deck Elements,6.0
32,0.082,WL_Ang30_Q1,LY,WL_Ang30_Q1,Deck Elements,6.0
32,0.024,WL_Ang30_Q1,LX,WL_Ang30_Q1,Deck Elements,6.0
33,0.082,WL_Ang30_Q1,LY,WL_Ang30_Q1,Deck Elements,6.0
33,0.024,WL_Ang30_Q1,LX,WL_Ang30_Q1,Deck Elements,6.0
34,0.082,WL_Ang30_Q1,LY,WL_Ang30_Q1,Deck Elements,6.0
34,0.024,WL_Ang30_Q1,LX,WL_Ang30_Q1,Deck Elements,6.0
35,0.082,WL_Ang30_Q1,LY,WL_Ang30_Q1,Deck Elements,6.0
35,0.024,WL_Ang30_Q1,LX,WL_Ang30_Q1,Deck Elements,6.0
36,0.082,WL_Ang30_Q1,LY,WL_Ang30_Q1,Deck Elements,6.0
36,0.024,WL_Ang30_Q1,LX,WL_Ang30_Q1,Deck Elements,6.0
37,0.082,WL_Ang30_Q1,LY,WL_Ang30_Q1,Deck Elements,6.0
37,0.024,WL_Ang30_Q1,LX,WL_Ang30_Q1,Deck Elements,6.0
38,0.082,WL_Ang30_Q1,LY,WL_Ang30_Q1,Deck Elements,6.0
38,0.024,WL_Ang30_Q1,LX,WL_Ang30_Q1,Deck Elements,6.0
39,0.082,WL_Ang30_Q1,LY,WL_Ang30_Q1,Deck Elements,6.0
39,0.024,WL_Ang30_Q1,LX,WL_Ang30_Q1,Deck Elements,6.0
40,0.082,WL_Ang30_Q1,LY,WL_Ang30_Q1,Deck Elements,6.0
40,0.024,WL_Ang30_Q1,LX,WL_Ang30_Q1,Deck Elements,6.0
41,0.082,WL_Ang30_Q1,LY,WL_Ang30_Q1,Deck Elements,6.0
41,0.024,WL_Ang30_Q1,LX,WL_Ang30_Q1,Deck Elements,6.0
42,0.082,WL_Ang30_Q1,LY,WL_Ang30_Q1,Deck Elements,6.0
42,0.024,WL_Ang30_Q1,LX,WL_Ang30_Q1,Deck Elements,6.0
43,0.082,WL_Ang30_Q1,LY,WL_Ang30_Q1,Deck Elements,6.0
43,0.024,WL_Ang30_Q1,LX,WL_Ang30_Q1,Deck Elements,6.0
44,0.082,WL_Ang30_Q1,LY,WL_Ang30_Q1,Deck Elements,6.0
44,0.024,WL_Ang30_Q1,LX,WL_Ang30_Q1,Deck Elements,6.0
45,0.082,WL_Ang30_Q1,LY,WL_Ang30_Q1,Deck Elements,6.0
45,0.024,WL_Ang30_Q1,LX,WL_Ang30_Q1,Deck Elements,6.0
46,0.082,WL_Ang30_Q1,LY,WL_Ang30_Q1,Deck Elements,6.0
46,0.024,WL_Ang30_Q1,LX,WL_Ang30_Q1,Deck Elements,6.0
47,0.082,WL_Ang30_Q1,LY,WL_Ang30_Q1,Deck Elements,6.0
47,0.024,WL_Ang30_Q1,LX,WL_Ang30_Q1,Deck Elements,6.0
48,0.082,WL_Ang30_Q1,LY,WL_Ang30_Q1,Deck Elements,6.0
48,0.024,WL_Ang30_Q1,LX,WL_Ang30_Q1,Deck Elements,6.0
49,0.082,WL_Ang30_Q1,LY,WL_Ang30_Q1,Deck Elements,6.0
49,0.024,WL_Ang30_Q1,LX,WL_Ang30_Q1,Deck Elements,6.0
50,0.082,WL_Ang30_Q1,LY,WL_Ang30_Q1,Deck Elements,6.0
50,0.024,WL_Ang30_Q1,LX,WL_Ang30_Q1,Deck Elements,6.0
51,0.082,WL_Ang30_Q1,LY,WL_Ang30_Q1,Deck Elements,6.0
51,0.024,WL_Ang30_Q1,LX,WL_Ang30_Q1,Deck Elements,6.0
52,0.082,WL_Ang30_Q1,LY,WL_Ang30_Q1,Deck Elements,6.0
52,0.024,WL_Ang30_Q1,LX,WL_Ang30_Q1,Deck Elements,6.0
53,0.082,WL_Ang30_Q1,LY,WL_Ang30_Q1,Deck Elements,6.0
53,0.024,WL_Ang30_Q1,LX,WL_Ang30_Q1,Deck Elements,6.0
54,0.082,WL_Ang30_Q1,LY,WL_Ang30_Q1,Deck Elements,6.0
54,0.024,WL_Ang30_Q1,LX,WL_Ang30_Q1,Deck Elements,6.0
55,0.082,WL_Ang30_Q1,LY,WL_Ang30_Q1,Deck Elements,6.0
55,0.024,WL_Ang30_Q1,LX,WL_Ang30_Q1,Deck Elements,6.0
56,0.082,WL_Ang30_Q1,LY,WL_Ang30_Q1,Deck Elements,6.0
56,0.024,WL_Ang30_Q1,LX,WL_Ang30_Q1,Deck Elements,6.0
57,0.082,WL_Ang30_Q1,LY,WL_Ang30_Q1,Deck Elements,6.0
57,0.024,WL_Ang30_Q1,LX,WL_Ang30_Q1,Deck Elements,6.0
58,0.082,WL_Ang30_Q1,LY,WL_Ang30_Q1,Deck Elements,6.0
58,0.024,WL_Ang30_Q1,LX,WL_Ang30_Q1,Deck Elements,6.0
59,0.082,WL_Ang30_Q1,LY,WL_Ang30_Q1,Deck Elements,6.0
59,0.024,WL_Ang30_Q1,LX,WL_Ang30_Q1,Deck Elements,6.0
60,0.082,WL_Ang30_Q1,LY,WL_Ang30_Q1,Deck Elements,6.0
60,0.024,WL_Ang30_Q1,LX,WL_Ang30_Q1,Deck Elements,6.0
61,0.082,WL_Ang30_Q1,LY,WL_Ang30_Q1,Deck Elements,6.0
61,0.024,WL_Ang30_Q1,LX,WL_Ang30_Q1,Deck Elements,6.0
62,0.082,WL_Ang30_Q1,LY,WL_Ang30_Q1,Deck Elements,6.0
62,0.024,WL_Ang30_Q1,LX,WL_Ang30_Q1,Deck Elements,6.0
63,0.082,WL_Ang30_Q1,LY,WL_Ang30_Q1,Deck Elements,6.0
63,0.024,WL_Ang30_Q1,LX,WL_Ang30_Q1,Deck Elements,6.0
64,0.082,WL_Ang30_Q1,LY,WL_Ang30_Q1,Deck Elements,6.0
64,0.024,WL_Ang30_Q1,LX,WL_Ang30_Q1,Deck Elements,6.0
65,0.082,WL_Ang30_Q1,LY,WL_Ang30_Q1,Deck Elements,6.0
65,0.024,WL_Ang30_Q1,LX,WL_Ang30_Q1,Deck Elements,6.0
66,0.082,WL_Ang30_Q1,LY,WL_Ang30_Q1,Deck Elements,6.0
66,0.024,WL_Ang30_Q1,LX,WL_Ang30_Q1,Deck Elements,6.0
67,0.082,WL_Ang30_Q1,LY,WL_Ang30_Q1,Deck Elements,6.0
67,0.024,WL_Ang30_Q1,LX,WL_Ang30_Q1,Deck Elements,6.0
68,0.082,WL_Ang30_Q1,LY,WL_Ang30_Q1,Deck Elements,6.0
68,0.024,WL_Ang30_Q1,LX,WL_Ang30_Q1,Deck Elements,6.0
69,0.082,WL_Ang30_Q1,LY,WL_Ang30_Q1,Deck Elements,6.0
69,0.024,WL_Ang30_Q1,LX,WL_Ang30_Q1,Deck Elements,6.0
70,0.082,WL_Ang30_Q1,LY,WL_Ang30_Q1,Deck Elements,6.0
70,0.024,WL_Ang30_Q1,LX,WL_Ang30_Q1,Deck Elements,6.0
71,0.082,WL_Ang30_Q1,LY,WL_Ang30_Q1,Deck Elements,6.0
71,0.024,WL_Ang30_Q1,LX,WL_Ang30_Q1,Deck Elements,6.0
72,0.082,WL_Ang30_Q1,LY,WL_Ang30_Q1,Deck Elements,6.0
72,0.024,WL_Ang30_Q1,LX,WL_Ang30_Q1,Deck Elements,6.0
73,0.082,WL_Ang30_Q1,LY,WL_Ang30_Q1,Deck Elements,6.0
73,0.024,WL_Ang30_Q1,LX,WL_Ang30_Q1,Deck Elements,6.0
74,0.082,WL_Ang30_Q1,LY,WL_Ang30_Q1,Deck Elements,6.0
74,0.024,WL_Ang30_Q1,LX,WL_Ang30_Q1,Deck Elements,6.0
75,0.082,WL_Ang30_Q1,LY,WL_Ang30_Q1,Deck Elements,6.0
75,0.024,WL_Ang30_Q1,LX,WL_Ang30_Q1,Deck Elements,6.0
76,0.082,WL_Ang30_Q1,LY,WL_Ang30_Q1,Deck Elements,6.0
76,0.024,WL_Ang30_Q1,LX,WL_Ang30_Q1,Deck Elements,6.0
77,0.082,WL_Ang30_Q1,LY,WL_Ang30_Q1,Deck Elements,6.0
77,0.024,WL_Ang30_Q1,LX,WL_Ang30_Q1,Deck Elements,6.0
78,0.082,WL_Ang30_Q1,LY,WL_Ang30_Q1,Deck Elements,6.0
78,0.024,WL_Ang30_Q1,LX,WL_Ang30_Q1,Deck Elements,6.0
79,0.082,WL_Ang30_Q1,LY,WL_Ang30_Q1,Deck Elements,6.0
79,0.024,WL_Ang30_Q1,LX,WL_Ang30_Q1,Deck Elements,6.0
80,0.082,WL_Ang30_Q1,LY,WL_Ang30_Q1,Deck Elements,6.0
80,0.024,WL_Ang30_Q1,LX,WL_Ang30_Q1,Deck Elements,6.0
81,0.082,WL_Ang30_Q1,LY,WL_Ang30_Q1,Deck Elements,6.0
81,0.024,WL_Ang30_Q1,LX,WL_Ang30_Q1,Deck Elements,6.0
82,0.082,WL_Ang30_Q1,LY,WL_Ang30_Q1,Deck Elements,6.0
82,0.024,WL_Ang30_Q1,LX,WL_Ang30_Q1,Deck Elements,6.0
83,0.082,WL_Ang30_Q1,LY,WL_Ang30_Q1,Deck Elements,6.0
83,0.024,WL_Ang30_Q1,LX,WL_Ang30_Q1,Deck Elements,6.0
84,0.082,WL_Ang30_Q1,LY,WL_Ang30_Q1,Deck Elements,6.0
84,0.024,WL_Ang30_Q1,LX,WL_Ang30_Q1,Deck Elements,6.0
85,0.082,WL_Ang30_Q1,LY,WL_Ang30_Q1,Deck Elements,6.0
85,0.024,WL_Ang30_Q1,LX,WL_Ang30_Q1,Deck Elements,6.0
86,0.082,WL_Ang30_Q1,LY,WL_Ang30_Q1,Deck Elements,6.0
86,0.024,WL_Ang30_Q1,LX,WL_Ang30_Q1,Deck Elements,6.0
87,0.082,WL_Ang30_Q1,LY,WL_Ang30_Q1,Deck Elements,6.0
87,0.024,WL_Ang30_Q1,LX,WL_Ang30_Q1,Deck Elements,6.0
88,0.082,WL_Ang30_Q1,LY,WL_Ang30_Q1,Deck Elements,6.0
88,0.024,WL_Ang30_Q1,LX,WL_Ang30_Q1,Deck Elements,6.0
89,0.082,WL_Ang30_Q1,LY,WL_Ang30_Q1,Deck Elements,6.0
89,0.024,WL_Ang30_Q1,LX,WL_Ang30_Q1,Deck Elements,6.0
90,0.082,WL_Ang30_Q1,LY,WL_Ang30_Q1,Deck Elements,6.0
90,0.024,WL_Ang30_Q1,LX,WL_Ang30_Q1,Deck Elements,6.0
91,0.082,WL_Ang30_Q1,LY,WL_Ang30_Q1,Deck Elements,6.0
91,0.024,WL_Ang30_Q1,LX,WL_Ang30_Q1,Deck Elements,6.0
92,0.082,WL_Ang30_Q1,LY,WL_Ang30_Q1,Deck Elements,6.0
92,0.024,WL_Ang30_Q1,LX,WL_Ang30_Q1,Deck Elements,6.0
93,0.082,WL_Ang30_Q1,LY,WL_Ang30_Q1,Deck Elements,6.0
93,0.024,WL_Ang30_Q1,LX,WL_Ang30_Q1,Deck Elements,6.0
94,0.082,WL_Ang30_Q1,LY,WL_Ang30_Q1,Deck Elements,6.0
94,0.024,WL_Ang30_Q1,LX,WL_Ang30_Q1,Deck Elements,6.0
95,0.082,WL_Ang30_Q1,LY,WL_Ang30_Q1,Deck Elements,6.0
95,0.024,WL_Ang30_Q1,LX,WL_Ang30_Q1,Deck Elements,6.0
96,0.082,WL_Ang30_Q1,LY,WL_Ang30_Q1,Deck Elements,6.0
96,0.024,WL_Ang30_Q1,LX,WL_Ang30_Q1,Deck Elements,6.0
97,0.082,WL_Ang30_Q1,LY,WL_Ang30_Q1,Deck Elements,6.0
97,0.024,WL_Ang30_Q1,LX,WL_Ang30_Q1,Deck Elements,6.0
98,0.082,WL_Ang30_Q1,LY,WL_Ang30_Q1,Deck Elements,6.0
98,0.024,WL_Ang30_Q1,LX,WL_Ang30_Q1,Deck Elements,6.0
99,0.082,WL_Ang30_Q1,LY,WL_Ang30_Q1,Deck Elements,6.0
99,0.024,WL_Ang30_Q1,LX,WL_Ang30_Q1,Deck Elements,6.0
100,0.082,WL_Ang30_Q1,LY,WL_Ang30_Q1,Deck Elements,6.0
100,0.024,WL_Ang30_Q1,LX,WL_Ang30_Q1,Deck Elements,6.0
101,0.082,WL_Ang30_Q1,LY,WL_Ang30_Q1,Deck Elements,6.0
101,0.024,WL_Ang30_Q1,LX,WL_Ang30_Q1,Deck Elements,6.0
102,0.082,WL_Ang30_Q1,LY,WL_Ang30_Q1,Deck Elements,6.0
102,0.024,WL_Ang30_Q1,LX,WL_Ang30_Q1,Deck Elements,6.0
103,0.082,WL_Ang30_Q1,LY,WL_Ang30_Q1,Deck Elements,6.0
103,0.024,WL_Ang30_Q1,LX,WL_Ang30_Q1,Deck Elements,6.0
104,0.082,WL_Ang30_Q1,LY,WL_Ang30_Q1,Deck Elements,6.0
104,0.024,WL_Ang30_Q1,LX,WL_Ang30_Q1,Deck Elements,6.0
105,0.082,WL_Ang30_Q1,LY,WL_Ang30_Q1,Deck Elements,6.0
105,0.024,WL_Ang30_Q1,LX,WL_Ang30_Q1,Deck Elements,6.0
106,0.082,WL_Ang30_Q1,LY,WL_Ang30_Q1,Deck Elements,6.0
106,0.024,WL_Ang30_Q1,LX,WL_Ang30_Q1,Deck Elements,6.0
107,0.082,WL_Ang30_Q1,LY,WL_Ang30_Q1,Deck Elements,6.0
107,0.024,WL_Ang30_Q1,LX,WL_Ang30_Q1,Deck Elements,6.0
108,0.082,WL_Ang30_Q1,LY,WL_Ang30_Q1,Deck Elements,6.0
108,0.024,WL_Ang30_Q1,LX,WL_Ang30_Q1,Deck Elements,6.0
109,0.082,WL_Ang30_Q1,LY,WL_Ang30_Q1,Deck Elements,6.0
109,0.024,WL_Ang30_Q1,LX,WL_Ang30_Q1,Deck Elements,6.0
110,0.082,WL_Ang30_Q1,LY,WL_Ang30_Q1,Deck Elements,6.0
110,0.024,WL_Ang30_Q1,LX,WL_Ang30_Q1,Deck Elements,6.0
111,0.082,WL_Ang30_Q1,LY,WL_Ang30_Q1,Deck Elements,6.0
111,0.024,WL_Ang30_Q1,LX,WL_Ang30_Q1,Deck Elements,6.0
112,0.082,WL_Ang30_Q1,LY,WL_Ang30_Q1,Deck Elements,6.0
112,0.024,WL_Ang30_Q1,LX,WL_Ang30_Q1,Deck Elements,6.0
113,0.082,WL_Ang30_Q1,LY,WL_Ang30_Q1,Deck Elements,6.0
113,0.024,WL_Ang30_Q1,LX,WL_Ang30_Q1,Deck Elements,6.0
114,0.082,WL_Ang30_Q1,LY,WL_Ang30_Q1,Deck Elements,6.0
114,0.024,WL_Ang30_Q1,LX,WL_Ang30_Q1,Deck Elements,6.0
115,0.082,WL_Ang30_Q1,LY,WL_Ang30_Q1,Deck Elements,6.0
115,0.024,WL_Ang30_Q1,LX,WL_Ang30_Q1,Deck Elements,6.0
116,0.082,WL_Ang30_Q1,LY,WL_Ang30_Q1,Deck Elements,6.0
116,0.024,WL_Ang30_Q1,LX,WL_Ang30_Q1,Deck Elements,6.0
117,0.082,WL_Ang30_Q1,LY,WL_Ang30_Q1,Deck Elements,6.0
117,0.024,WL_Ang30_Q1,LX,WL_Ang30_Q1,Deck Elements,6.0
118,0.082,WL_Ang30_Q1,LY,WL_Ang30_Q1,Deck Elements,6.0
118,0.024,WL_Ang30_Q1,LX,WL_Ang30_Q1,Deck Elements,6.0
119,0.082,WL_Ang30_Q1,LY,WL_Ang30_Q1,Deck Elements,6.0
119,0.024,WL_Ang30_Q1,LX,WL_Ang30_Q1,Deck Elements,6.0
120,0.082,WL_Ang30_Q1,LY,WL_Ang30_Q1,Deck Elements,6.0
120,0.024,WL_Ang30_Q1,LX,WL_Ang30_Q1,Deck Elements,6.0
121,0.082,WL_Ang30_Q1,LY,WL_Ang30_Q1,Deck Elements,6.0
121,0.024,WL_Ang30_Q1,LX,WL_Ang30_Q1,Deck Elements,6.0
122,0.082,WL_Ang30_Q1,LY,WL_Ang30_Q1,Deck Elements,6.0
122,0.024,WL_Ang30_Q1,LX,WL_Ang30_Q1,Deck Elements,6.0
123,0.082,WL_Ang30_Q1,LY,WL_Ang30_Q1,Deck Elements,6.0
123,0.024,WL_Ang30_Q1,LX,WL_Ang30_Q1,Deck Elements,6.0
124,0.082,WL_Ang30_Q1,LY,WL_Ang30_Q1,Deck Elements,6.0
124,0.024,WL_Ang30_Q1,LX,WL_Ang30_Q1,Deck Elements,6.0
125,0.082,WL_Ang30_Q1,LY,WL_Ang30_Q1,Deck Elements,6.0
125,0.024,WL_Ang30_Q1,LX,WL_Ang30_Q1,Deck Elements,6.0
126,0.082,WL_Ang30_Q1,LY,WL_Ang30_Q1,Deck Elements,6.0
126,0.024,WL_Ang30_Q1,LX,WL_Ang30_Q1,Deck Elements,6.0
127,0.082,WL_Ang30_Q1,LY,WL_Ang30_Q1,Deck Elements,6.0
127,0.024,WL_Ang30_Q1,LX,WL_Ang30_Q1,Deck Elements,6.0
128,0.082,WL_Ang30_Q1,LY,WL_Ang30_Q1,Deck Elements,6.0
128,0.024,WL_Ang30_Q1,LX,WL_Ang30_Q1,Deck Elements,6.0
129,0.082,WL_Ang30_Q1,LY,WL_Ang30_Q1,Deck Elements,6.0
129,0.024,WL_Ang30_Q1,LX,WL_Ang30_Q1,Deck Elements,6.0
130,0.082,WL_Ang30_Q1,LY,WL_Ang30_Q1,Deck Elements,6.0
130,0.024,WL_Ang30_Q1,LX,WL_Ang30_Q1,Deck Elements,6.0
131,0.082,WL_Ang30_Q1,LY,WL_Ang30_Q1,Deck Elements,6.0
131,0.024,WL_Ang30_Q1,LX,WL_Ang30_Q1,Deck Elements,6.0
132,0.082,WL_Ang30_Q1,LY,WL_Ang30_Q1,Deck Elements,6.0
132,0.024,WL_Ang30_Q1,LX,WL_Ang30_Q1,Deck Elements,6.0
133,0.082,WL_Ang30_Q1,LY,WL_Ang30_Q1,Deck Elements,6.0
133,0.024,WL_Ang30_Q1,LX,WL_Ang30_Q1,Deck Elements,6.0
134,0.082,WL_Ang30_Q1,LY,WL_Ang30_Q1,Deck Elements,6.0
134,0.024,WL_Ang30_Q1,LX,WL_Ang30_Q1,Deck Elements,6.0
135,0.082,WL_Ang30_Q1,LY,WL_Ang30_Q1,Deck Elements,6.0
135,0.024,WL_Ang30_Q1,LX,WL_Ang30_Q1,Deck Elements,6.0
136,0.082,WL_Ang30_Q1,LY,WL_Ang30_Q1,Deck Elements,6.0
136,0.024,WL_Ang30_Q1,LX,WL_Ang30_Q1,Deck Elements,6.0
137,0.082,WL_Ang30_Q1,LY,WL_Ang30_Q1,Deck Elements,6.0
137,0.024,WL_Ang30_Q1,LX,WL_Ang30_Q1,Deck Elements,6.0
138,0.082,WL_Ang30_Q1,LY,WL_Ang30_Q1,Deck Elements,6.0
138,0.024,WL_Ang30_Q1,LX,WL_Ang30_Q1,Deck Elements,6.0
139,0.082,WL_Ang30_Q1,LY,WL_Ang30_Q1,Deck Elements,6.0
139,0.024,WL_Ang30_Q1,LX,WL_Ang30_Q1,Deck Elements,6.0
140,0.082,WL_Ang30_Q1,LY,WL_Ang30_Q1,Deck Elements,6.0
140,0.024,WL_Ang30_Q1,LX,WL_Ang30_Q1,Deck Elements,6.0
141,0.082,WL_Ang30_Q1,LY,WL_Ang30_Q1,Deck Elements,6.0
141,0.024,WL_Ang30_Q1,LX,WL_Ang30_Q1,Deck Elements,6.0
142,0.082,WL_Ang30_Q1,LY,WL_Ang30_Q1,Deck Elements,6.0
142,0.024,WL_Ang30_Q1,LX,WL_Ang30_Q1,Deck Elements,6.0
143,0.082,WL_Ang30_Q1,LY,WL_Ang30_Q1,Deck Elements,6.0
143,0.024,WL_Ang30_Q1,LX,WL_Ang30_Q1,Deck Elements,6.0
144,0.082,WL_Ang30_Q1,LY,WL_Ang30_Q1,Deck Elements,6.0
144,0.024,WL_Ang30_Q1,LX,WL_Ang30_Q1,Deck Elements,6.0
145,0.082,WL_Ang30_Q1,LY,WL_Ang30_Q1,Deck Elements,6.0
145,0.024,WL_Ang30_Q1,LX,WL_Ang30_Q1,Deck Elements,6.0
146,0.082,WL_Ang30_Q1,LY,WL_Ang30_Q1,Deck Elements,6.0
146,0.024,WL_Ang30_Q1,LX,WL_Ang30_Q1,Deck Elements,6.0
147,0.082,WL_Ang30_Q1,LY,WL_Ang30_Q1,Deck Elements,6.0
147,0.024,WL_Ang30_Q1,LX,WL_Ang30_Q1,Deck Elements,6.0
148,0.082,WL_Ang30_Q1,LY,WL_Ang30_Q1,Deck Elements,6.0
148,0.024,WL_Ang30_Q1,LX,WL_Ang30_Q1,Deck Elements,6.0
149,0.082,WL_Ang30_Q1,LY,WL_Ang30_Q1,Deck Elements,6.0
149,0.024,WL_Ang30_Q1,LX,WL_Ang30_Q1,Deck Elements,6.0
150,0.082,WL_Ang30_Q1,LY,WL_Ang30_Q1,Deck Elements,6.0
150,0.024,WL_Ang30_Q1,LX,WL_Ang30_Q1,Deck Elements,6.0
151,0.082,WL_Ang30_Q1,LY,WL_Ang30_Q1,Deck Elements,6.0
151,0.024,WL_Ang30_Q1,LX,WL_Ang30_Q1,Deck Elements,6.0
152,0.082,WL_Ang30_Q1,LY,WL_Ang30_Q1,Deck Elements,6.0
152,0.024,WL_Ang30_Q1,LX,WL_Ang30_Q1,Deck Elements,6.0
153,0.082,WL_Ang30_Q1,LY,WL_Ang30_Q1,Deck Elements,6.0
153,0.024,WL_Ang30_Q1,LX,WL_Ang30_Q1,Deck Elements,6.0
154,0.082,WL_Ang30_Q1,LY,WL_Ang30_Q1,Deck Elements,6.0
154,0.024,WL_Ang30_Q1,LX,WL_Ang30_Q1,Deck Elements,6.0
155,0.082,WL_Ang30_Q1,LY,WL_Ang30_Q1,Deck Elements,6.0
155,0.024,WL_Ang30_Q1,LX,WL_Ang30_Q1,Deck Elements,6.0
156,0.082,WL_Ang30_Q1,LY,WL_Ang30_Q1,Deck Elements,6.0
156,0.024,WL_Ang30_Q1,LX,WL_Ang30_Q1,Deck Elements,6.0
157,0.082,WL_Ang30_Q1,LY,WL_Ang30_Q1,Deck Elements,6.0
157,0.024,WL_Ang30_Q1,LX,WL_Ang30_Q1,Deck Elements,6.0
158,0.082,WL_Ang30_Q1,LY,WL_Ang30_Q1,Deck Elements,6.0
158,0.024,WL_Ang30_Q1,LX,WL_Ang30_Q1,Deck Elements,6.0
159,0.082,WL_Ang30_Q1,LY,WL_Ang30_Q1,Deck Elements,6.0
159,0.024,WL_Ang30_Q1,LX,WL_Ang30_Q1,Deck Elements,6.0
